player,team,season,type
Yohan Lacroix,Lille OSC,2007-2008,club
Gregory Malicki,Lille OSC,2007-2008,club
Alexandre Oukidja,Lille OSC,2007-2008,club
Tony Sylva,Lille OSC,2007-2008,club
Franck Beria,Lille OSC,2007-2008,club
Aurelien Chedjou,Lille OSC,2007-2008,club
Mathieu Debuchy,Lille OSC,2007-2008,club
Emerson,Lille OSC,2007-2008,club
Peter Franquart,Lille OSC,2007-2008,club
Badis Lebbihi,Lille OSC,2007-2008,club
Stephan Lichtsteiner,Lille OSC,2007-2008,club
Nicolas Plestan,Lille OSC,2007-2008,club
Adil Rami,Lille OSC,2007-2008,club
Gregory Tafforeau,Lille OSC,2007-2008,club
Jeremy Taravel,Lille OSC,2007-2008,club
Jerry Vandam,Lille OSC,2007-2008,club
Omar Benzerga,Lille OSC,2007-2008,club
Yohan Cabaye,Lille OSC,2007-2008,club
Stephane Dumont,Lille OSC,2007-2008,club
Henri Ewane Elong,Lille OSC,2007-2008,club
Jean Makoun,Lille OSC,2007-2008,club
Marko Maric,Lille OSC,2007-2008,club
Rio Mavuba,Lille OSC,2007-2008,club
Michel Bastos,Lille OSC,2007-2008,club
Ludovic Obraniak,Lille OSC,2007-2008,club
Samuel Robail,Lille OSC,2007-2008,club
Nicolas Fauvergue,Lille OSC,2007-2008,club
Pierre-Alain Frau,Lille OSC,2007-2008,club
Patrick Kluivert,Lille OSC,2007-2008,club
Cris Makiese,Lille OSC,2007-2008,club
Kevin Mirallas,Lille OSC,2007-2008,club
Luis Yanez,Lille OSC,2007-2008,club
Souleymane Youla,Lille OSC,2007-2008,club
Claude Puel,Lille OSC,2007-2008,club
Patrick Collot,Lille OSC,2007-2008,club
Jean-Pierre Mottet,Lille OSC,2007-2008,club
Ludovic Butelle,Lille OSC,2008-2009,club
Gregory Malicki,Lille OSC,2008-2009,club
Alexandre Oukidja,Lille OSC,2008-2009,club
Franck Beria,Lille OSC,2008-2009,club
Aurelien Chedjou,Lille OSC,2008-2009,club
Mathieu Debuchy,Lille OSC,2008-2009,club
Emerson,Lille OSC,2008-2009,club
Badis Lebbihi,Lille OSC,2008-2009,club
Nicolas Plestan,Lille OSC,2008-2009,club
Adil Rami,Lille OSC,2008-2009,club
Gregory Tafforeau,Lille OSC,2008-2009,club
Jerry Vandam,Lille OSC,2008-2009,club
Florent Balmont,Lille OSC,2008-2009,club
Yohan Cabaye,Lille OSC,2008-2009,club
Stephane Dumont,Lille OSC,2008-2009,club
Marko Maric,Lille OSC,2008-2009,club
Rio Mavuba,Lille OSC,2008-2009,club
Michel Bastos,Lille OSC,2008-2009,club
Ludovic Obraniak,Lille OSC,2008-2009,club
Yannis Salibur,Lille OSC,2008-2009,club
Cedric Baseya,Lille OSC,2008-2009,club
Nicolas Fauvergue,Lille OSC,2008-2009,club
Pierre-Alain Frau,Lille OSC,2008-2009,club
Emil Lyng,Lille OSC,2008-2009,club
Youssef Sofiane,Lille OSC,2008-2009,club
Tulio de Melo,Lille OSC,2008-2009,club
Robert Vittek,Lille OSC,2008-2009,club
Rudi Garcia,Lille OSC,2008-2009,club
Frederic Bompard,Lille OSC,2008-2009,club
Patrick Collot,Lille OSC,2008-2009,club
Jean-Pierre Mottet,Lille OSC,2008-2009,club
Ludovic Butelle,Lille OSC,2009-2010,club
Mickael Landreau,Lille OSC,2009-2010,club
Barel Mouko,Lille OSC,2009-2010,club
Alexandre Oukidja,Lille OSC,2009-2010,club
Franck Beria,Lille OSC,2009-2010,club
Aurelien Chedjou,Lille OSC,2009-2010,club
Mathieu Debuchy,Lille OSC,2009-2010,club
Emerson,Lille OSC,2009-2010,club
Nicolas Plestan,Lille OSC,2009-2010,club
Adil Rami,Lille OSC,2009-2010,club
Ricardo Costa,Lille OSC,2009-2010,club
Jonathan Rivierez,Lille OSC,2009-2010,club
Mathieu Sauvage,Lille OSC,2009-2010,club
Pape Souare,Lille OSC,2009-2010,club
Jerry Vandam,Lille OSC,2009-2010,club
Florent Balmont,Lille OSC,2009-2010,club
Yohan Cabaye,Lille OSC,2009-2010,club
Stephane Dumont,Lille OSC,2009-2010,club
Idrissa Gueye,Lille OSC,2009-2010,club
Rio Mavuba,Lille OSC,2009-2010,club
Ludovic Obraniak,Lille OSC,2009-2010,club
Yannis Salibur,Lille OSC,2009-2010,club
Arnaud Souquet,Lille OSC,2009-2010,club
Pierre-Emerick Aubameyang,Lille OSC,2009-2010,club
Pierre-Alain Frau,Lille OSC,2009-2010,club
Gervinho,Lille OSC,2009-2010,club
Larsen Toure,Lille OSC,2009-2010,club
Tulio de Melo,Lille OSC,2009-2010,club
Omar Wade,Lille OSC,2009-2010,club
Rudi Garcia,Lille OSC,2009-2010,club
Frederic Bompard,Lille OSC,2009-2010,club
Patrick Collot,Lille OSC,2009-2010,club
Jean-Pierre Mottet,Lille OSC,2009-2010,club
Mickael Landreau,Lille OSC,2010-2011,club
Barel Mouko,Lille OSC,2010-2011,club
Alexandre Oukidja,Lille OSC,2010-2011,club
Franck Beria,Lille OSC,2010-2011,club
Aurelien Chedjou,Lille OSC,2010-2011,club
Mathieu Debuchy,Lille OSC,2010-2011,club
Emerson,Lille OSC,2010-2011,club
Adil Rami,Lille OSC,2010-2011,club
David Rozehnal,Lille OSC,2010-2011,club
Pape Souare,Lille OSC,2010-2011,club
Jerry Vandam,Lille OSC,2010-2011,club
Florent Balmont,Lille OSC,2010-2011,club
Yohan Cabaye,Lille OSC,2010-2011,club
Stephane Dumont,Lille OSC,2010-2011,club
Idrissa Gueye,Lille OSC,2010-2011,club
Rio Mavuba,Lille OSC,2010-2011,club
Ludovic Obraniak,Lille OSC,2010-2011,club
Arnaud Souquet,Lille OSC,2010-2011,club
Cedric Baseya,Lille OSC,2010-2011,club
Gianni Bruno,Lille OSC,2010-2011,club
Pierre-Alain Frau,Lille OSC,2010-2011,club
Gervinho,Lille OSC,2010-2011,club
Moussa Sow,Lille OSC,2010-2011,club
Tulio de Melo,Lille OSC,2010-2011,club
Omar Wade,Lille OSC,2010-2011,club
Rudi Garcia,Lille OSC,2010-2011,club
Frederic Bompard,Lille OSC,2010-2011,club
Patrick Collot,Lille OSC,2010-2011,club
Jean-Pierre Mottet,Lille OSC,2010-2011,club
Vincent Enyeama,Lille OSC,2011-2012,club
Mickael Landreau,Lille OSC,2011-2012,club
Barel Mouko,Lille OSC,2011-2012,club
Marko Basa,Lille OSC,2011-2012,club
Franck Beria,Lille OSC,2011-2012,club
Laurent Bonnart,Lille OSC,2011-2012,club
Mauro Cetto,Lille OSC,2011-2012,club
Aurelien Chedjou,Lille OSC,2011-2012,club
Mathieu Debuchy,Lille OSC,2011-2012,club
Lucas Digne,Lille OSC,2011-2012,club
David Rozehnal,Lille OSC,2011-2012,club
Pape Souare,Lille OSC,2011-2012,club
Adama Soumaoro,Lille OSC,2011-2012,club
Florent Balmont,Lille OSC,2011-2012,club
Joe Cole,Lille OSC,2011-2012,club
Idrissa Gueye,Lille OSC,2011-2012,club
Rio Mavuba,Lille OSC,2011-2012,club
Dimitri Payet,Lille OSC,2011-2012,club
Benoit Pedretti,Lille OSC,2011-2012,club
Arnaud Souquet,Lille OSC,2011-2012,club
Gianni Bruno,Lille OSC,2011-2012,club
Ireneusz Jelen,Lille OSC,2011-2012,club
Ronny Rodelin,Lille OSC,2011-2012,club
Nolan Roux,Lille OSC,2011-2012,club
John Ruiz,Lille OSC,2011-2012,club
Tulio de Melo,Lille OSC,2011-2012,club
Rudi Garcia,Lille OSC,2011-2012,club
Frederic Bompard,Lille OSC,2011-2012,club
Patrick Collot,Lille OSC,2011-2012,club
Jean-Pierre Mottet,Lille OSC,2011-2012,club
Jamal Blackman,Chelsea FC,2012-2013,club
Petr Cech,Chelsea FC,2012-2013,club
Hilario,Chelsea FC,2012-2013,club
Ross Turnbull,Chelsea FC,2012-2013,club
Nathan Ake,Chelsea FC,2012-2013,club
Azpilicueta,Chelsea FC,2012-2013,club
Ryan Bertrand,Chelsea FC,2012-2013,club
Gary Cahill,Chelsea FC,2012-2013,club
Andreas Christensen,Chelsea FC,2012-2013,club
Ashley Cole,Chelsea FC,2012-2013,club
David Luiz,Chelsea FC,2012-2013,club
Branislav Ivanovic,Chelsea FC,2012-2013,club
Paulo Ferreira,Chelsea FC,2012-2013,club
George Saville,Chelsea FC,2012-2013,club
John Terry,Chelsea FC,2012-2013,club
Yossi Benayoun,Chelsea FC,2012-2013,club
Frank Lampard,Chelsea FC,2012-2013,club
Florent Malouda,Chelsea FC,2012-2013,club
Marko Marin,Chelsea FC,2012-2013,club
Mata,Chelsea FC,2012-2013,club
John Mikel,Chelsea FC,2012-2013,club
Oriol Romeu,Chelsea FC,2012-2013,club
Oscar,Chelsea FC,2012-2013,club
Ramires,Chelsea FC,2012-2013,club
Demba Ba,Chelsea FC,2012-2013,club
Fernando Torres,Chelsea FC,2012-2013,club
Victor Moses,Chelsea FC,2012-2013,club
Rafa Benitez,Chelsea FC,2012-2013,club
Steve Holland,Chelsea FC,2012-2013,club
Boudewijn Zenden,Chelsea FC,2012-2013,club
Christophe Lollichon,Chelsea FC,2012-2013,club
Jamal Blackman,Chelsea FC,2013-2014,club
Petr Cech,Chelsea FC,2013-2014,club
Hilario,Chelsea FC,2013-2014,club
Mark Schwarzer,Chelsea FC,2013-2014,club
Nathan Ake,Chelsea FC,2013-2014,club
Azpilicueta,Chelsea FC,2013-2014,club
Gary Cahill,Chelsea FC,2013-2014,club
Andreas Christensen,Chelsea FC,2013-2014,club
Ashley Cole,Chelsea FC,2013-2014,club
David Luiz,Chelsea FC,2013-2014,club
Branislav Ivanovic,Chelsea FC,2013-2014,club
Tomas Kalas,Chelsea FC,2013-2014,club
John Terry,Chelsea FC,2013-2014,club
Lewis Baker,Chelsea FC,2013-2014,club
Frank Lampard,Chelsea FC,2013-2014,club
Nemanja Matic,Chelsea FC,2013-2014,club
John Mikel,Chelsea FC,2013-2014,club
Oscar,Chelsea FC,2013-2014,club
Ramires,Chelsea FC,2013-2014,club
John Swift,Chelsea FC,2013-2014,club
Marco van Ginkel,Chelsea FC,2013-2014,club
Willian,Chelsea FC,2013-2014,club
Demba Ba,Chelsea FC,2013-2014,club
Samuel Eto'o,Chelsea FC,2013-2014,club
Fernando Torres,Chelsea FC,2013-2014,club
Mohamed Salah,Chelsea FC,2013-2014,club
Andre Schurrle,Chelsea FC,2013-2014,club
Jose Mourinho,Chelsea FC,2013-2014,club
Steve Holland,Chelsea FC,2013-2014,club
Christophe Lollichon,Chelsea FC,2013-2014,club
Silvino,Chelsea FC,2013-2014,club
Mitchell Beeney,Chelsea FC,2014-2015,club
Jamal Blackman,Chelsea FC,2014-2015,club
Petr Cech,Chelsea FC,2014-2015,club
Thibaut Courtois,Chelsea FC,2014-2015,club
Nathan Ake,Chelsea FC,2014-2015,club
Azpilicueta,Chelsea FC,2014-2015,club
Gary Cahill,Chelsea FC,2014-2015,club
Andreas Christensen,Chelsea FC,2014-2015,club
Filipe Luis,Chelsea FC,2014-2015,club
Branislav Ivanovic,Chelsea FC,2014-2015,club
John Terry,Chelsea FC,2014-2015,club
Kurt Zouma,Chelsea FC,2014-2015,club
Lewis Baker,Chelsea FC,2014-2015,club
Jeremie Boga,Chelsea FC,2014-2015,club
Cesc Fabregas,Chelsea FC,2014-2015,club
Juan Cuadrado,Chelsea FC,2014-2015,club
Ruben Loftus-Cheek,Chelsea FC,2014-2015,club
Nemanja Matic,Chelsea FC,2014-2015,club
John Mikel,Chelsea FC,2014-2015,club
Oscar,Chelsea FC,2014-2015,club
Ramires,Chelsea FC,2014-2015,club
Willian,Chelsea FC,2014-2015,club
Izzy Brown,Chelsea FC,2014-2015,club
Diego Costa,Chelsea FC,2014-2015,club
Didier Drogba,Chelsea FC,2014-2015,club
Loic Remy,Chelsea FC,2014-2015,club
Dominic Solanke,Chelsea FC,2014-2015,club
Jose Mourinho,Chelsea FC,2014-2015,club
Steve Holland,Chelsea FC,2014-2015,club
Christophe Lollichon,Chelsea FC,2014-2015,club
Silvino,Chelsea FC,2014-2015,club
Marco Amelia,Chelsea FC,2015-2016,club
Asmir Begovic,Chelsea FC,2015-2016,club
Thibaut Courtois,Chelsea FC,2015-2016,club
Ola Aina,Chelsea FC,2015-2016,club
Azpilicueta,Chelsea FC,2015-2016,club
Abdul Rahman Baba,Chelsea FC,2015-2016,club
Gary Cahill,Chelsea FC,2015-2016,club
Jake Clarke-Salter,Chelsea FC,2015-2016,club
Branislav Ivanovic,Chelsea FC,2015-2016,club
Matt Miazga,Chelsea FC,2015-2016,club
John Terry,Chelsea FC,2015-2016,club
Fikayo Tomori,Chelsea FC,2015-2016,club
Kurt Zouma,Chelsea FC,2015-2016,club
Cesc Fabregas,Chelsea FC,2015-2016,club
Charlie Colkett,Chelsea FC,2015-2016,club
Ruben Loftus-Cheek,Chelsea FC,2015-2016,club
Nemanja Matic,Chelsea FC,2015-2016,club
John Mikel,Chelsea FC,2015-2016,club
Oscar,Chelsea FC,2015-2016,club
Kasey Palmer,Chelsea FC,2015-2016,club
Willian,Chelsea FC,2015-2016,club
Tammy Abraham,Chelsea FC,2015-2016,club
Alexandre Pato,Chelsea FC,2015-2016,club
Diego Costa,Chelsea FC,2015-2016,club
Radamel Falcao,Chelsea FC,2015-2016,club
Kenedy,Chelsea FC,2015-2016,club
Pedro,Chelsea FC,2015-2016,club
Loic Remy,Chelsea FC,2015-2016,club
Bertrand Traore,Chelsea FC,2015-2016,club
Guus Hiddink,Chelsea FC,2015-2016,club
Steve Holland,Chelsea FC,2015-2016,club
Silvino,Chelsea FC,2015-2016,club
Christophe Lollichon,Chelsea FC,2015-2016,club
Asmir Begovic,Chelsea FC,2016-2017,club
Thibaut Courtois,Chelsea FC,2016-2017,club
Eduardo,Chelsea FC,2016-2017,club
Ola Aina,Chelsea FC,2016-2017,club
Nathan Ake,Chelsea FC,2016-2017,club
Azpilicueta,Chelsea FC,2016-2017,club
Gary Cahill,Chelsea FC,2016-2017,club
David Luiz,Chelsea FC,2016-2017,club
Marcos Alonso,Chelsea FC,2016-2017,club
John Terry,Chelsea FC,2016-2017,club
Kurt Zouma,Chelsea FC,2016-2017,club
Cesc Fabregas,Chelsea FC,2016-2017,club
Nathaniel Chalobah,Chelsea FC,2016-2017,club
N'Golo Kante,Chelsea FC,2016-2017,club
Kenedy,Chelsea FC,2016-2017,club
Ruben Loftus-Cheek,Chelsea FC,2016-2017,club
Nemanja Matic,Chelsea FC,2016-2017,club
Victor Moses,Chelsea FC,2016-2017,club
Michy Batshuayi,Chelsea FC,2016-2017,club
Diego Costa,Chelsea FC,2016-2017,club
Pedro,Chelsea FC,2016-2017,club
Dominic Solanke,Chelsea FC,2016-2017,club
Willian,Chelsea FC,2016-2017,club
Antonio Conte,Chelsea FC,2016-2017,club
Angelo Alessio,Chelsea FC,2016-2017,club
Steve Holland,Chelsea FC,2016-2017,club
Hilario,Chelsea FC,2016-2017,club
Gianluca Spinelli,Chelsea FC,2016-2017,club
Jamal Blackman,Chelsea FC,2017-2018,club
Willy Caballero,Chelsea FC,2017-2018,club
Thibaut Courtois,Chelsea FC,2017-2018,club
Eduardo,Chelsea FC,2017-2018,club
Ethan Ampadu,Chelsea FC,2017-2018,club
Azpilicueta,Chelsea FC,2017-2018,club
Gary Cahill,Chelsea FC,2017-2018,club
Trevoh Chalobah,Chelsea FC,2017-2018,club
Andreas Christensen,Chelsea FC,2017-2018,club
David Luiz,Chelsea FC,2017-2018,club
Emerson,Chelsea FC,2017-2018,club
Marcos Alonso,Chelsea FC,2017-2018,club
Antonio Rudiger,Chelsea FC,2017-2018,club
Davide Zappacosta,Chelsea FC,2017-2018,club
Tiemoue Bakayoko,Chelsea FC,2017-2018,club
Ross Barkley,Chelsea FC,2017-2018,club
Jeremie Boga,Chelsea FC,2017-2018,club
Cesc Fabregas,Chelsea FC,2017-2018,club
Danny Drinkwater,Chelsea FC,2017-2018,club
N'Golo Kante,Chelsea FC,2017-2018,club
Victor Moses,Chelsea FC,2017-2018,club
Charly Musonda,Chelsea FC,2017-2018,club
Kyle Scott,Chelsea FC,2017-2018,club
Dujon Sterling,Chelsea FC,2017-2018,club
Olivier Giroud,Chelsea FC,2017-2018,club
Callum Hudson-Odoi,Chelsea FC,2017-2018,club
Lucas Piazon,Chelsea FC,2017-2018,club
Alvaro Morata,Chelsea FC,2017-2018,club
Pedro,Chelsea FC,2017-2018,club
Willian,Chelsea FC,2017-2018,club
Antonio Conte,Chelsea FC,2017-2018,club
Angelo Alessio,Chelsea FC,2017-2018,club
Davide Mazzotta,Chelsea FC,2017-2018,club
Paolo Vanoli,Chelsea FC,2017-2018,club
Hilario,Chelsea FC,2017-2018,club
Gianluca Spinelli,Chelsea FC,2017-2018,club
Jamal Blackman,Chelsea FC,2018-2019,club
Marcin Bulka,Chelsea FC,2018-2019,club
Willy Caballero,Chelsea FC,2018-2019,club
Jamie Cumming,Chelsea FC,2018-2019,club
Robert Green,Chelsea FC,2018-2019,club
Kepa,Chelsea FC,2018-2019,club
Ethan Ampadu,Chelsea FC,2018-2019,club
Azpilicueta,Chelsea FC,2018-2019,club
Gary Cahill,Chelsea FC,2018-2019,club
Andreas Christensen,Chelsea FC,2018-2019,club
David Luiz,Chelsea FC,2018-2019,club
Emerson,Chelsea FC,2018-2019,club
Marc Guehi,Chelsea FC,2018-2019,club
Marcos Alonso,Chelsea FC,2018-2019,club
Antonio Rudiger,Chelsea FC,2018-2019,club
Davide Zappacosta,Chelsea FC,2018-2019,club
Ross Barkley,Chelsea FC,2018-2019,club
Danny Drinkwater,Chelsea FC,2018-2019,club
Conor Gallagher,Chelsea FC,2018-2019,club
Jorginho,Chelsea FC,2018-2019,club
N'Golo Kante,Chelsea FC,2018-2019,club
Mateo Kovacic,Chelsea FC,2018-2019,club
Ruben Loftus-Cheek,Chelsea FC,2018-2019,club
George McEachran,Chelsea FC,2018-2019,club
Marco van Ginkel,Chelsea FC,2018-2019,club
Olivier Giroud,Chelsea FC,2018-2019,club
Gonzalo Higuain,Chelsea FC,2018-2019,club
Callum Hudson-Odoi,Chelsea FC,2018-2019,club
Pedro,Chelsea FC,2018-2019,club
Willian,Chelsea FC,2018-2019,club
Maurizio Sarri,Chelsea FC,2018-2019,club
Davide Mazzotta,Chelsea FC,2018-2019,club
Paolo Vanoli,Chelsea FC,2018-2019,club
Gianfranco Zola,Chelsea FC,2018-2019,club
Hilario,Chelsea FC,2018-2019,club
Altube,Real Madrid,2019-2020,club
Alphonse Areola,Real Madrid,2019-2020,club
Thibaut Courtois,Real Madrid,2019-2020,club
Dani Carvajal,Real Madrid,2019-2020,club
De la Fuente,Real Madrid,2019-2020,club
Eder Militao,Real Madrid,2019-2020,club
Marcelo,Real Madrid,2019-2020,club
Ferland Mendy,Real Madrid,2019-2020,club
Nacho,Real Madrid,2019-2020,club
Sergio Ramos,Real Madrid,2019-2020,club
Raphael Varane,Real Madrid,2019-2020,club
Brahim Diaz,Real Madrid,2019-2020,club
Casemiro,Real Madrid,2019-2020,club
Isco,Real Madrid,2019-2020,club
Toni Kroos,Real Madrid,2019-2020,club
Marco Asensio,Real Madrid,2019-2020,club
Luka Modric,Real Madrid,2019-2020,club
Reinier,Real Madrid,2019-2020,club
James Rodriguez,Real Madrid,2019-2020,club
Federico Valverde,Real Madrid,2019-2020,club
Gareth Bale,Real Madrid,2019-2020,club
Karim Benzema,Real Madrid,2019-2020,club
Luka Jovic,Real Madrid,2019-2020,club
Lucas Vazquez,Real Madrid,2019-2020,club
Mariano,Real Madrid,2019-2020,club
Rodrygo,Real Madrid,2019-2020,club
Vinicius Junior,Real Madrid,2019-2020,club
Zinedine Zidane,Real Madrid,2019-2020,club
David Bettoni,Real Madrid,2019-2020,club
Hamidou Msaidie,Real Madrid,2019-2020,club
Roberto Vazquez,Real Madrid,2019-2020,club
Javier Mallo,Real Madrid,2019-2020,club
Jose Carlos Parrales,Real Madrid,2019-2020,club
Geert De Vlieger,Belgium,2005-2006,nation
Silvio Proto,Belgium,2005-2006,nation
Davy Schollen,Belgium,2005-2006,nation
Stijn Stijnen,Belgium,2005-2006,nation
Brian Vandenbussche,Belgium,2005-2006,nation
Philippe Clement,Belgium,2005-2006,nation
Pieter Collen,Belgium,2005-2006,nation
Wim De Decker,Belgium,2005-2006,nation
Carl Hoefkens,Belgium,2005-2006,nation
Philippe Leonard,Belgium,2005-2006,nation
Nicolas Lombaerts,Belgium,2005-2006,nation
Gill Swerts,Belgium,2005-2006,nation
Jelle Van Damme,Belgium,2005-2006,nation
Peter Van Der Heyden,Belgium,2005-2006,nation
Jason Vandelannoite,Belgium,2005-2006,nation
Anthony Vanden Borre,Belgium,2005-2006,nation
Thomas Vermaelen,Belgium,2005-2006,nation
Thomas Buffel,Belgium,2005-2006,nation
Tom Caluwe,Belgium,2005-2006,nation
Nathan D'Haemers,Belgium,2005-2006,nation
Karel Geraerts,Belgium,2005-2006,nation
Bart Goor,Belgium,2005-2006,nation
Timmy Simons,Belgium,2005-2006,nation
Steven Defour,Belgium,2005-2006,nation
Mousa Dembele,Belgium,2005-2006,nation
Stein Huysegems,Belgium,2005-2006,nation
Mbo Mpenza,Belgium,2005-2006,nation
Luigi Pieroni,Belgium,2005-2006,nation
Wesley Sonck,Belgium,2005-2006,nation
Kevin Vandenbergh,Belgium,2005-2006,nation
Rene Vandereycken,Belgium,2005-2006,nation
Stijn Stijnen,Belgium,2006-2007,nation
Brian Vandenbussche,Belgium,2006-2007,nation
Carl Hoefkens,Belgium,2006-2007,nation
Daniel Van Buyten,Belgium,2006-2007,nation
Jelle Van Damme,Belgium,2006-2007,nation
Peter Van Der Heyden,Belgium,2006-2007,nation
Anthony Vanden Borre,Belgium,2006-2007,nation
Thomas Vermaelen,Belgium,2006-2007,nation
Koen Daerden,Belgium,2006-2007,nation
Mark De Man,Belgium,2006-2007,nation
Steven Defour,Belgium,2006-2007,nation
Marouane Fellaini,Belgium,2006-2007,nation
Karel Geraerts,Belgium,2006-2007,nation
Maarten Martens,Belgium,2006-2007,nation
Gaby Mudingayi,Belgium,2006-2007,nation
Timmy Simons,Belgium,2006-2007,nation
Mousa Dembele,Belgium,2006-2007,nation
Mbo Mpenza,Belgium,2006-2007,nation
Luigi Pieroni,Belgium,2006-2007,nation
Kevin Vandenbergh,Belgium,2006-2007,nation
Rene Vandereycken,Belgium,2006-2007,nation
Stephane Demol,Belgium,2006-2007,nation
Silvio Proto,Belgium,2007-2008,nation
Stijn Stijnen,Belgium,2007-2008,nation
Filip Daems,Belgium,2007-2008,nation
Carl Hoefkens,Belgium,2007-2008,nation
Vincent Kompany,Belgium,2007-2008,nation
Sebastien Pocognoli,Belgium,2007-2008,nation
Gill Swerts,Belgium,2007-2008,nation
Daniel Van Buyten,Belgium,2007-2008,nation
Jelle Van Damme,Belgium,2007-2008,nation
Anthony Vanden Borre,Belgium,2007-2008,nation
Thomas Vermaelen,Belgium,2007-2008,nation
Thomas Buffel,Belgium,2007-2008,nation
Mark De Man,Belgium,2007-2008,nation
Steven Defour,Belgium,2007-2008,nation
Marouane Fellaini,Belgium,2007-2008,nation
Karel Geraerts,Belgium,2007-2008,nation
Guillaume Gillet,Belgium,2007-2008,nation
Bart Goor,Belgium,2007-2008,nation
Maarten Martens,Belgium,2007-2008,nation
Gaby Mudingayi,Belgium,2007-2008,nation
Killian Overmeire,Belgium,2007-2008,nation
Jeroen Simaeys,Belgium,2007-2008,nation
Timmy Simons,Belgium,2007-2008,nation
Jan Vertonghen,Belgium,2007-2008,nation
Axel Witsel,Belgium,2007-2008,nation
Stijn De Smet,Belgium,2007-2008,nation
Tom De Sutter,Belgium,2007-2008,nation
Mousa Dembele,Belgium,2007-2008,nation
Stein Huysegems,Belgium,2007-2008,nation
Kevin Mirallas,Belgium,2007-2008,nation
Luigi Pieroni,Belgium,2007-2008,nation
Wesley Sonck,Belgium,2007-2008,nation
Rene Vandereycken,Belgium,2007-2008,nation
Jean-Francois Gillet,Belgium,2008-2009,nation
Silvio Proto,Belgium,2008-2009,nation
Olivier Renard,Belgium,2008-2009,nation
Stijn Stijnen,Belgium,2008-2009,nation
Brian Vandenbussche,Belgium,2008-2009,nation
Toby Alderweireld,Belgium,2008-2009,nation
Filip Daems,Belgium,2008-2009,nation
Ritchie De Laet,Belgium,2008-2009,nation
Sepp De Roover,Belgium,2008-2009,nation
Olivier Deschacht,Belgium,2008-2009,nation
Vincent Kompany,Belgium,2008-2009,nation
Nicolas Lombaerts,Belgium,2008-2009,nation
Sebastien Pocognoli,Belgium,2008-2009,nation
Gill Swerts,Belgium,2008-2009,nation
Daniel Van Buyten,Belgium,2008-2009,nation
Jelle Van Damme,Belgium,2008-2009,nation
Anthony Vanden Borre,Belgium,2008-2009,nation
Thomas Vermaelen,Belgium,2008-2009,nation
Thomas Buffel,Belgium,2008-2009,nation
Mehdi Carcela-Gonzalez,Belgium,2008-2009,nation
Steven Defour,Belgium,2008-2009,nation
Marouane Fellaini,Belgium,2008-2009,nation
Karel Geraerts,Belgium,2008-2009,nation
Guillaume Gillet,Belgium,2008-2009,nation
Faris Haroun,Belgium,2008-2009,nation
Ritchie Kitoko,Belgium,2008-2009,nation
Roland Lamah,Belgium,2008-2009,nation
Maarten Martens,Belgium,2008-2009,nation
Geoffrey Mujangi Bia,Belgium,2008-2009,nation
Radja Nainggolan,Belgium,2008-2009,nation
Kevin Roelandts,Belgium,2008-2009,nation
Jeroen Simaeys,Belgium,2008-2009,nation
Timmy Simons,Belgium,2008-2009,nation
Jan Vertonghen,Belgium,2008-2009,nation
Axel Witsel,Belgium,2008-2009,nation
Igor de Camargo,Belgium,2008-2009,nation
Tom De Mul,Belgium,2008-2009,nation
Tom De Sutter,Belgium,2008-2009,nation
Mousa Dembele,Belgium,2008-2009,nation
Stein Huysegems,Belgium,2008-2009,nation
Kevin Mirallas,Belgium,2008-2009,nation
Emile Mpenza,Belgium,2008-2009,nation
Wesley Sonck,Belgium,2008-2009,nation
Jelle Vossen,Belgium,2008-2009,nation
Dick Advocaat,Belgium,2008-2009,nation
Frank Vercauteren,Belgium,2008-2009,nation
Rene Vandereycken,Belgium,2008-2009,nation
Bert van Lingen,Belgium,2008-2009,nation
Logan Bailly,Belgium,2009-2010,nation
Jean-Francois Gillet,Belgium,2009-2010,nation
Simon Mignolet,Belgium,2009-2010,nation
Silvio Proto,Belgium,2009-2010,nation
Toby Alderweireld,Belgium,2009-2010,nation
Laurent Ciman,Belgium,2009-2010,nation
Steve Colpaert,Belgium,2009-2010,nation
Olivier Deschacht,Belgium,2009-2010,nation
Vincent Kompany,Belgium,2009-2010,nation
Nicolas Lombaerts,Belgium,2009-2010,nation
Vadis Odjidja-Ofoe,Belgium,2009-2010,nation
Sebastien Pocognoli,Belgium,2009-2010,nation
Daniel Van Buyten,Belgium,2009-2010,nation
Jelle Van Damme,Belgium,2009-2010,nation
Thomas Vermaelen,Belgium,2009-2010,nation
Jonathan Blondel,Belgium,2009-2010,nation
Thomas Buffel,Belgium,2009-2010,nation
Mehdi Carcela-Gonzalez,Belgium,2009-2010,nation
Steven Defour,Belgium,2009-2010,nation
Marouane Fellaini,Belgium,2009-2010,nation
Guillaume Gillet,Belgium,2009-2010,nation
Jonathan Legear,Belgium,2009-2010,nation
Maarten Martens,Belgium,2009-2010,nation
Timmy Simons,Belgium,2009-2010,nation
Bernd Thijs,Belgium,2009-2010,nation
Jan Vertonghen,Belgium,2009-2010,nation
Axel Witsel,Belgium,2009-2010,nation
Christian Benteke,Belgium,2009-2010,nation
Kevin De Bruyne,Belgium,2009-2010,nation
Mousa Dembele,Belgium,2009-2010,nation
Christophe Lepoint,Belgium,2009-2010,nation
Romelu Lukaku,Belgium,2009-2010,nation
Kevin Mirallas,Belgium,2009-2010,nation
Marvin Ogunjimi,Belgium,2009-2010,nation
Wesley Sonck,Belgium,2009-2010,nation
Bjorn Vleminckx,Belgium,2009-2010,nation
Jelle Vossen,Belgium,2009-2010,nation
Georges Leekens,Belgium,2009-2010,nation
Dick Advocaat,Belgium,2009-2010,nation
Bert van Lingen,Belgium,2009-2010,nation
Thibaut Courtois,Belgium,2010-2011,nation
Jean-Francois Gillet,Belgium,2010-2011,nation
Simon Mignolet,Belgium,2010-2011,nation
Silvio Proto,Belgium,2010-2011,nation
Olivier Renard,Belgium,2010-2011,nation
Toby Alderweireld,Belgium,2010-2011,nation
Laurent Ciman,Belgium,2010-2011,nation
David Hubert,Belgium,2010-2011,nation
Vincent Kompany,Belgium,2010-2011,nation
Nicolas Lombaerts,Belgium,2010-2011,nation
Sebastien Pocognoli,Belgium,2010-2011,nation
Daniel Van Buyten,Belgium,2010-2011,nation
Jelle Van Damme,Belgium,2010-2011,nation
Anthony Vanden Borre,Belgium,2010-2011,nation
Thomas Vermaelen,Belgium,2010-2011,nation
Nacer Chadli,Belgium,2010-2011,nation
Steven Defour,Belgium,2010-2011,nation
Marouane Fellaini,Belgium,2010-2011,nation
Guillaume Gillet,Belgium,2010-2011,nation
Jonathan Legear,Belgium,2010-2011,nation
Kevin Mirallas,Belgium,2010-2011,nation
Radja Nainggolan,Belgium,2010-2011,nation
Timmy Simons,Belgium,2010-2011,nation
Jan Vertonghen,Belgium,2010-2011,nation
Axel Witsel,Belgium,2010-2011,nation
Kevin De Bruyne,Belgium,2010-2011,nation
Igor de Camargo,Belgium,2010-2011,nation
Mousa Dembele,Belgium,2010-2011,nation
Yassine El Ghanassi,Belgium,2010-2011,nation
Romelu Lukaku,Belgium,2010-2011,nation
Dries Mertens,Belgium,2010-2011,nation
Marvin Ogunjimi,Belgium,2010-2011,nation
Katuku Tshimanga,Belgium,2010-2011,nation
Bjorn Vleminckx,Belgium,2010-2011,nation
Jelle Vossen,Belgium,2010-2011,nation
Georges Leekens,Belgium,2010-2011,nation
Thibaut Courtois,Belgium,2011-2012,nation
Jean-Francois Gillet,Belgium,2011-2012,nation
Simon Mignolet,Belgium,2011-2012,nation
Olivier Renard,Belgium,2011-2012,nation
Toby Alderweireld,Belgium,2011-2012,nation
Laurent Ciman,Belgium,2011-2012,nation
Vincent Kompany,Belgium,2011-2012,nation
Nicolas Lombaerts,Belgium,2011-2012,nation
Denis Odoi,Belgium,2011-2012,nation
Sebastien Pocognoli,Belgium,2011-2012,nation
Daniel Van Buyten,Belgium,2011-2012,nation
Thomas Vermaelen,Belgium,2011-2012,nation
Thomas Buffel,Belgium,2011-2012,nation
Nacer Chadli,Belgium,2011-2012,nation
Kevin De Bruyne,Belgium,2011-2012,nation
Steven Defour,Belgium,2011-2012,nation
Marouane Fellaini,Belgium,2011-2012,nation
Guillaume Gillet,Belgium,2011-2012,nation
Dries Mertens,Belgium,2011-2012,nation
Kevin Mirallas,Belgium,2011-2012,nation
Radja Nainggolan,Belgium,2011-2012,nation
Timmy Simons,Belgium,2011-2012,nation
Jan Vertonghen,Belgium,2011-2012,nation
Axel Witsel,Belgium,2011-2012,nation
Christian Benteke,Belgium,2011-2012,nation
Igor de Camargo,Belgium,2011-2012,nation
Benjamin De Ceulaer,Belgium,2011-2012,nation
Mousa Dembele,Belgium,2011-2012,nation
Romelu Lukaku,Belgium,2011-2012,nation
Pele M'Boyo,Belgium,2011-2012,nation
Jelle Vossen,Belgium,2011-2012,nation
Marc Wilmots,Belgium,2011-2012,nation
Georges Leekens,Belgium,2011-2012,nation
Koen Casteels,Belgium,2012-2013,nation
Thibaut Courtois,Belgium,2012-2013,nation
Jean-Francois Gillet,Belgium,2012-2013,nation
Thomas Kaminski,Belgium,2012-2013,nation
Simon Mignolet,Belgium,2012-2013,nation
Toby Alderweireld,Belgium,2012-2013,nation
Laurent Ciman,Belgium,2012-2013,nation
Vincent Kompany,Belgium,2012-2013,nation
Nicolas Lombaerts,Belgium,2012-2013,nation
Thomas Meunier,Belgium,2012-2013,nation
Sebastien Pocognoli,Belgium,2012-2013,nation
Daniel Van Buyten,Belgium,2012-2013,nation
Jelle Van Damme,Belgium,2012-2013,nation
Thomas Vermaelen,Belgium,2012-2013,nation
Jan Vertonghen,Belgium,2012-2013,nation
Thomas Buffel,Belgium,2012-2013,nation
Nacer Chadli,Belgium,2012-2013,nation
Kevin De Bruyne,Belgium,2012-2013,nation
Steven Defour,Belgium,2012-2013,nation
Mousa Dembele,Belgium,2012-2013,nation
Marouane Fellaini,Belgium,2012-2013,nation
Guillaume Gillet,Belgium,2012-2013,nation
Thorgan Hazard,Belgium,2012-2013,nation
Dries Mertens,Belgium,2012-2013,nation
Kevin Mirallas,Belgium,2012-2013,nation
Radja Nainggolan,Belgium,2012-2013,nation
Timmy Simons,Belgium,2012-2013,nation
Axel Witsel,Belgium,2012-2013,nation
Zakaria Bakkali,Belgium,2012-2013,nation
Christian Benteke,Belgium,2012-2013,nation
Maxime Lestienne,Belgium,2012-2013,nation
Romelu Lukaku,Belgium,2012-2013,nation
Jelle Vossen,Belgium,2012-2013,nation
Marc Wilmots,Belgium,2012-2013,nation
Sammy Bossut,Belgium,2013-2014,nation
Koen Casteels,Belgium,2013-2014,nation
Thibaut Courtois,Belgium,2013-2014,nation
Jean-Francois Gillet,Belgium,2013-2014,nation
Thomas Kaminski,Belgium,2013-2014,nation
Simon Mignolet,Belgium,2013-2014,nation
Toby Alderweireld,Belgium,2013-2014,nation
Laurent Ciman,Belgium,2013-2014,nation
Laurens De Bock,Belgium,2013-2014,nation
Jason Denayer,Belgium,2013-2014,nation
Vincent Kompany,Belgium,2013-2014,nation
Nicolas Lombaerts,Belgium,2013-2014,nation
Jordan Lukaku,Belgium,2013-2014,nation
Thomas Meunier,Belgium,2013-2014,nation
Sebastien Pocognoli,Belgium,2013-2014,nation
Daniel Van Buyten,Belgium,2013-2014,nation
Jelle Van Damme,Belgium,2013-2014,nation
Anthony Vanden Borre,Belgium,2013-2014,nation
Thomas Vermaelen,Belgium,2013-2014,nation
Jan Vertonghen,Belgium,2013-2014,nation
Yannick Carrasco,Belgium,2013-2014,nation
Kevin De Bruyne,Belgium,2013-2014,nation
Steven Defour,Belgium,2013-2014,nation
Mousa Dembele,Belgium,2013-2014,nation
Marouane Fellaini,Belgium,2013-2014,nation
Guillaume Gillet,Belgium,2013-2014,nation
Thorgan Hazard,Belgium,2013-2014,nation
Kevin Mirallas,Belgium,2013-2014,nation
Radja Nainggolan,Belgium,2013-2014,nation
Dennis Praet,Belgium,2013-2014,nation
Timmy Simons,Belgium,2013-2014,nation
Axel Witsel,Belgium,2013-2014,nation
Christian Benteke,Belgium,2013-2014,nation
Nacer Chadli,Belgium,2013-2014,nation
Adnan Januzaj,Belgium,2013-2014,nation
Romelu Lukaku,Belgium,2013-2014,nation
Dries Mertens,Belgium,2013-2014,nation
Divock Origi,Belgium,2013-2014,nation
Marc Wilmots,Belgium,2013-2014,nation
Thibaut Courtois,Belgium,2014-2015,nation
Jean-Francois Gillet,Belgium,2014-2015,nation
Simon Mignolet,Belgium,2014-2015,nation
Matz Sels,Belgium,2014-2015,nation
Toby Alderweireld,Belgium,2014-2015,nation
Luis Cavanda,Belgium,2014-2015,nation
Jason Denayer,Belgium,2014-2015,nation
Olivier Deschacht,Belgium,2014-2015,nation
Nicolas Lombaerts,Belgium,2014-2015,nation
Thomas Meunier,Belgium,2014-2015,nation
Anthony Vanden Borre,Belgium,2014-2015,nation
Thomas Vermaelen,Belgium,2014-2015,nation
Jan Vertonghen,Belgium,2014-2015,nation
Yannick Carrasco,Belgium,2014-2015,nation
Kevin De Bruyne,Belgium,2014-2015,nation
Steven Defour,Belgium,2014-2015,nation
Mousa Dembele,Belgium,2014-2015,nation
Leander Dendoncker,Belgium,2014-2015,nation
Marouane Fellaini,Belgium,2014-2015,nation
Guillaume Gillet,Belgium,2014-2015,nation
Sven Kums,Belgium,2014-2015,nation
Kevin Mirallas,Belgium,2014-2015,nation
Radja Nainggolan,Belgium,2014-2015,nation
Youri Tielemans,Belgium,2014-2015,nation
Axel Witsel,Belgium,2014-2015,nation
Michy Batshuayi,Belgium,2014-2015,nation
Christian Benteke,Belgium,2014-2015,nation
Jonathan Benteke,Belgium,2014-2015,nation
Nacer Chadli,Belgium,2014-2015,nation
Laurent Depoitre,Belgium,2014-2015,nation
Romelu Lukaku,Belgium,2014-2015,nation
Dries Mertens,Belgium,2014-2015,nation
Divock Origi,Belgium,2014-2015,nation
Marc Wilmots,Belgium,2014-2015,nation
Vital Borkelmans,Belgium,2014-2015,nation
Erwin Lemmens,Belgium,2014-2015,nation
Thibaut Courtois,Belgium,2015-2016,nation
Jean-Francois Gillet,Belgium,2015-2016,nation
Simon Mignolet,Belgium,2015-2016,nation
Matz Sels,Belgium,2015-2016,nation
Toby Alderweireld,Belgium,2015-2016,nation
Dedryck Boyata,Belgium,2015-2016,nation
Luis Cavanda,Belgium,2015-2016,nation
Laurent Ciman,Belgium,2015-2016,nation
Jason Denayer,Belgium,2015-2016,nation
Bjorn Engels,Belgium,2015-2016,nation
Michael Heylen,Belgium,2015-2016,nation
Christian Kabasele,Belgium,2015-2016,nation
Vincent Kompany,Belgium,2015-2016,nation
Nicolas Lombaerts,Belgium,2015-2016,nation
Jordan Lukaku,Belgium,2015-2016,nation
Thomas Meunier,Belgium,2015-2016,nation
Thomas Vermaelen,Belgium,2015-2016,nation
Jan Vertonghen,Belgium,2015-2016,nation
Yannick Carrasco,Belgium,2015-2016,nation
Kevin De Bruyne,Belgium,2015-2016,nation
Steven Defour,Belgium,2015-2016,nation
Mousa Dembele,Belgium,2015-2016,nation
Leander Dendoncker,Belgium,2015-2016,nation
Marouane Fellaini,Belgium,2015-2016,nation
Thomas Foket,Belgium,2015-2016,nation
Guillaume Gillet,Belgium,2015-2016,nation
Thorgan Hazard,Belgium,2015-2016,nation
Kevin Mirallas,Belgium,2015-2016,nation
Radja Nainggolan,Belgium,2015-2016,nation
Youri Tielemans,Belgium,2015-2016,nation
Axel Witsel,Belgium,2015-2016,nation
Michy Batshuayi,Belgium,2015-2016,nation
Christian Benteke,Belgium,2015-2016,nation
Nacer Chadli,Belgium,2015-2016,nation
Romelu Lukaku,Belgium,2015-2016,nation
Dries Mertens,Belgium,2015-2016,nation
Divock Origi,Belgium,2015-2016,nation
Roberto Martinez,Belgium,2015-2016,nation
Marc Wilmots,Belgium,2015-2016,nation
Thierry Henry,Belgium,2015-2016,nation
Graeme Jones,Belgium,2015-2016,nation
Inaki Bergara,Belgium,2015-2016,nation
Erwin Lemmens,Belgium,2015-2016,nation
Koen Casteels,Belgium,2016-2017,nation
Thibaut Courtois,Belgium,2016-2017,nation
Simon Mignolet,Belgium,2016-2017,nation
Matz Sels,Belgium,2016-2017,nation
Toby Alderweireld,Belgium,2016-2017,nation
Dedryck Boyata,Belgium,2016-2017,nation
Laurent Ciman,Belgium,2016-2017,nation
Christian Kabasele,Belgium,2016-2017,nation
Vincent Kompany,Belgium,2016-2017,nation
Jordan Lukaku,Belgium,2016-2017,nation
Thomas Meunier,Belgium,2016-2017,nation
Thomas Vermaelen,Belgium,2016-2017,nation
Jan Vertonghen,Belgium,2016-2017,nation
Kevin De Bruyne,Belgium,2016-2017,nation
Steven Defour,Belgium,2016-2017,nation
Mousa Dembele,Belgium,2016-2017,nation
Leander Dendoncker,Belgium,2016-2017,nation
Marouane Fellaini,Belgium,2016-2017,nation
Thomas Foket,Belgium,2016-2017,nation
Thorgan Hazard,Belgium,2016-2017,nation
Radja Nainggolan,Belgium,2016-2017,nation
Youri Tielemans,Belgium,2016-2017,nation
Axel Witsel,Belgium,2016-2017,nation
Michy Batshuayi,Belgium,2016-2017,nation
Christian Benteke,Belgium,2016-2017,nation
Yannick Carrasco,Belgium,2016-2017,nation
Nacer Chadli,Belgium,2016-2017,nation
Laurent Depoitre,Belgium,2016-2017,nation
Adnan Januzaj,Belgium,2016-2017,nation
Romelu Lukaku,Belgium,2016-2017,nation
Dries Mertens,Belgium,2016-2017,nation
Kevin Mirallas,Belgium,2016-2017,nation
Divock Origi,Belgium,2016-2017,nation
Roberto Martinez,Belgium,2016-2017,nation
Koen Casteels,Belgium,2017-2018,nation
Thibaut Courtois,Belgium,2017-2018,nation
Simon Mignolet,Belgium,2017-2018,nation
Matz Sels,Belgium,2017-2018,nation
Toby Alderweireld,Belgium,2017-2018,nation
Dedryck Boyata,Belgium,2017-2018,nation
Timothy Castagne,Belgium,2017-2018,nation
Laurent Ciman,Belgium,2017-2018,nation
Jason Denayer,Belgium,2017-2018,nation
Christian Kabasele,Belgium,2017-2018,nation
Vincent Kompany,Belgium,2017-2018,nation
Jordan Lukaku,Belgium,2017-2018,nation
Brandon Mechele,Belgium,2017-2018,nation
Thomas Vermaelen,Belgium,2017-2018,nation
Jan Vertonghen,Belgium,2017-2018,nation
Yannick Carrasco,Belgium,2017-2018,nation
Kevin De Bruyne,Belgium,2017-2018,nation
Mousa Dembele,Belgium,2017-2018,nation
Leander Dendoncker,Belgium,2017-2018,nation
Marouane Fellaini,Belgium,2017-2018,nation
Thorgan Hazard,Belgium,2017-2018,nation
Anthony Limbombe,Belgium,2017-2018,nation
Thomas Meunier,Belgium,2017-2018,nation
Radja Nainggolan,Belgium,2017-2018,nation
Dennis Praet,Belgium,2017-2018,nation
Youri Tielemans,Belgium,2017-2018,nation
Birger Verstraete,Belgium,2017-2018,nation
Axel Witsel,Belgium,2017-2018,nation
Michy Batshuayi,Belgium,2017-2018,nation
Christian Benteke,Belgium,2017-2018,nation
Nacer Chadli,Belgium,2017-2018,nation
Adnan Januzaj,Belgium,2017-2018,nation
Romelu Lukaku,Belgium,2017-2018,nation
Dries Mertens,Belgium,2017-2018,nation
Kevin Mirallas,Belgium,2017-2018,nation
Divock Origi,Belgium,2017-2018,nation
Leandro Trossard,Belgium,2017-2018,nation
Hans Vanaken,Belgium,2017-2018,nation
Roberto Martinez,Belgium,2017-2018,nation
